0.07201370596885681,952.6527663559941,102.69359923245611,0.05113023519515991,969.274259868421,91.89721536915204,0.07311961054801941,965.3255208333333,91.70344480994152,0.055260926485061646,948.1717722039473,101.23092562134502,0.08303233981132507,948.464569627193,101.11099689327477,0.1745222806930542,956.3079655519006,126.06548108552624,0.15597304701805115,948.0843955592105,126.4298359831871,0.18357232213020325,977.305144371345,163.33641721491222,0.13563770055770874,962.4899488304093,170.71785910087715,0.16067621111869812,986.1146518640351,186.44582648026312,0.10055220127105713,974.4527823464912,194.05604669225147,0.2706180810928345,972.0484968932748,215.65732364766075,0.2984583377838135,954.1076160453216,215.7969549524853,0.18896809220314026,963.6944901315788,269.6881281980993,0.20733875036239624,963.0111248172514,261.45799067982455,0.44719406962394714,969.0719800804093,321.13612481725147,0.2719598412513733,960.2310626827485,322.46025219298247
0.029088258743286133,948.3633155153508,345.6000434027777,0.02065703272819519,952.7312340095028,340.37777549342104,0.041926831007003784,946.9528965643275,334.00082236842104,0.019694983959197998,941.1107113486842,329.85631396198823,0.0209905207157135,940.7505825109648,332.8850283260233,0.06465744972229004,951.9050392909356,353.8613623903508,0.06341603398323059,935.8621162280701,353.52841739766075,0.04267483949661255,957.3158808479532,382.55585252192975,0.08194199204444885,950.9400127923976,349.8554573282163,0.04953494668006897,951.6091579861111,396.4301786366958,0.061211228370666504,941.3562796966373,398.23933205409355,0.0709528923034668,954.5380459612572,392.95590049342104,0.06078740954399109,968.1072962353801,403.5514894005847,0.062082648277282715,954.2774579678362,421.12430327119876,0.09494006633758545,965.5569261695906,426.6327439692982,0.08051586151123047,955.4579564144736,445.8667420504386,0.06606665253639221,945.6140921966373,447.00709292763156
0.08090412616729736,987.2464364035087,93.10289884868416,0.0730329155921936,945.7734831871345,91.11590826023388,0.08316922187805176,977.4150219298245,86.63040250365492,0.049293190240859985,954.3814533077485,97.63837490862568,0.05702897906303406,946.9246276498537,96.93998994883043,0.1475846767425537,951.018309119152,126.17912783260226,0.15050923824310303,963.9160727339181,124.22423245614027,0.1474761664867401,979.1503335160818,165.96319901315792,0.16739526391029358,972.7025082236842,173.00290113304095,0.1341022551059723,984.7809301900584,188.56371070906425,0.14764553308486938,984.8504888523391,198.42527869152048,0.24054154753684998,969.6833881578947,216.32978115862568,0.30521947145462036,954.3124657346491,217.86829541301165,0.14687436819076538,964.8127969663742,283.42293722587715,0.14294978976249695,967.1631716008771,274.03645833333326,0.21772220730781555,968.8542808845028,332.6409448099415,0.18390440940856934,977.2287326388888,327.4917763157895
0.04620218276977539,930.7308799342105,64.03754340277777,0.04038041830062866,930.5480171783626,63.798199926900566,0.04334267973899841,925.8219115497076,53.93611796418128,0.03305363655090332,934.8933205409356,63.41625548245611,0.03213983774185181,927.9180372807017,61.01585343567251,0.09542590379714966,941.5484512061403,92.26254111842104,0.07615283131599426,941.1376667580408,91.46878426535085,0.058693140745162964,953.4535476059941,136.03155838815792,0.06574392318725586,927.3034311038011,146.4416004203216,0.031365543603897095,945.6411618238303,138.13722130847952,0.031224459409713745,946.7608963815788,139.18694033260226,0.07212433218955994,944.1968201754386,181.13738121345023,0.1128363311290741,934.4992118969298,185.28600146198823,0.037479281425476074,955.4821705957602,244.02794910453213,0.04545152187347412,943.9136741593567,246.74884639985373,0.13328900933265686,980.2288925438596,324.9125091374268,0.09701463580131531,968.4586302997076,323.9263523391812
0.010394126176834106,-38.69179887381213,-23.45848752741233,0.01783698797225952,-29.14265772055464,-35.412326388888914,0.01029476523399353,-30.220108478389985,-30.7861328125,0.009983211755752563,949.2072711074561,104.46020650584796,0.007085710763931274,948.8789519371345,115.7227704678362,0.016183704137802124,951.9289108187133,141.01151315789468,0.0194760262966156,961.8297697368421,155.59833013523394,0.01822391152381897,-12.129500539679276,55.12075680738303,0.014535903930664062,955.1734397843567,201.24868649488303,0.016134411096572876,-4.3000476681001,92.50930875365498,0.01964053511619568,-5.638092665644416,91.92971034356725,0.029070109128952026,965.3264345760233,232.96258223684208,0.02554979920387268,959.9388934576023,237.39731816520464,0.02091240882873535,965.2356313961988,269.1585572002923,0.017826437950134277,966.805783991228,270.19679733187127,0.06595286726951599,964.0558753654971,325.23557428728066,0.05747729539871216,971.3004842836257,316.4161298428362
0.044856369495391846,945.2607022112572,104.84392132675441,0.05835476517677307,946.8842516447368,102.12228161549706,0.04083868861198425,948.1059827302631,101.18329678362568,0.03421783447265625,941.5040775767543,110.26030244883043,0.02609497308731079,935.0282118055555,109.67910498903507,0.08690324425697327,945.0687020285087,136.20768229166663,0.06864354014396667,945.1881167763157,138.05744014985373,0.05910298228263855,965.6459018640351,168.7169339364035,0.05665662884712219,965.8382447002923,172.66133269371346,0.07469207048416138,968.0345394736842,181.55730308845023,0.04472354054450989,967.5156478435672,188.6228755482456,0.05966717004776001,957.5228435672514,234.45558068347952,0.04129713773727417,946.2806674890351,229.76625319809943,0.04043608903884888,962.3598547149122,250.747955500731,0.03869953751564026,960.6521838450292,251.54165524488303,0.04961100220680237,969.3544407894736,247.65305190058473,0.03845128417015076,959.4342790570175,414.23342699195905
0.09192168712615967,950.6284265350877,63.52750365497076,0.10487797856330872,944.1652389437133,61.718864217836256,0.09385484457015991,952.2728778326023,59.769394188596436,0.09672847390174866,945.0256419042397,63.60425804093563,0.07517614960670471,955.186003746345,61.72725922880113,0.199034184217453,943.1080957602338,92.50302677266075,0.17125043272972107,962.5299250730993,94.429596125731,0.1673789620399475,944.5839044225146,134.22566017909355,0.1270332932472229,973.8012838084795,144.15889985380113,0.07945629954338074,980.0780107821637,154.2891652960526,0.0867331326007843,961.3092790570175,157.71524351242692,0.20559686422348022,977.3308433845028,167.83859877558473,0.2155229151248932,951.2823807565788,175.63162463450294,0.13949346542358398,952.3249040570175,266.78853709795317,0.12410277128219604,959.4508406432748,231.66643823099412,0.3780539631843567,960.6728572733917,272.9517315423976,0.29443180561065674,957.8660681652046,271.26284950657896
0.06210920214653015,900.7668585526316,61.44942434210526,0.0854375958442688,928.6626233552631,58.922611705043835,0.06388124823570251,933.0179207785087,56.60284745065786,0.06986728310585022,933.7580523574561,62.6358050073099,0.036100298166275024,937.075223866959,60.42837399488303,0.11992970108985901,939.8942913925438,91.69190880847952,0.09378811717033386,960.3963358918128,91.89830043859644,0.09243372082710266,940.2953673245613,134.0060192799707,0.05980923771858215,980.1088495979532,141.49842379385962,0.04327124357223511,984.3686038011696,154.95791072733914,0.04890003800392151,951.2635919225146,94.19807657163744,0.09876373410224915,980.5846811038011,170.74652777777771,0.11001250147819519,933.7332670869882,174.83244243421052,0.0561906099319458,949.6771061769006,218.03402549342104,0.06283345818519592,950.7653166118421,234.06044407894728,0.19430029392242432,961.4385736476607,258.742004751462,0.13516977429389954,954.1666095577485,269.759400127924
0.05758124589920044,899.3982433296783,61.57797651681284,0.08192652463912964,926.7221765350877,58.12240154422511,0.057932108640670776,931.5333173428362,55.356388203581844,0.06103053689002991,923.4254500182748,65.02489948830407,0.02955925464630127,935.7818781980993,57.51593338815786,0.0746380090713501,942.5664747807017,90.91728344298241,0.06067943572998047,955.6203741776316,90.83070632309938,0.06532114744186401,945.1742964181286,131.97608278508767,0.03862804174423218,973.8219572368421,150.74492872807014,0.03186267614364624,981.9323373538011,162.1408420138888,0.03165560960769653,950.2018229166666,90.4384822733918,0.06687748432159424,979.1398254751462,174.1403965643275,0.06893846392631531,932.9270604897661,179.80411641081866,0.05059248208999634,959.9364948830408,251.91760325292398,0.054427117109298706,951.164793494152,254.76893731725147,0.20374080538749695,960.7419590643275,259.8631099232456,0.16848906874656677,954.6950954861111,268.2633177997076
0.024019956588745117,959.0460526315788,338.90493649488303,0.024716943502426147,930.4574995431286,62.622213084795305,0.03594067692756653,957.4963450292397,327.941223501462,0.016648799180984497,946.1359534904971,68.42470760233914,0.01834815740585327,955.9710800438596,280.1022249634502,0.0451090931892395,952.9632675438596,339.45632309941516,0.05712977051734924,949.7386695906432,339.9946317616958,0.03578221797943115,962.5403188961988,336.12413194444446,0.07807737588882446,954.2509594298245,340.6580089546783,0.049961477518081665,966.7831688596491,348.03985060307014,0.044123947620391846,946.1397797880117,391.23572277046776,0.05589503049850464,964.066497624269,344.80765716374265,0.0547393262386322,951.6946500365497,348.3492667214912,0.05685809254646301,976.1072277046783,354.4510690789473,0.07033693790435791,966.9565515350877,417.73374680190057,0.10690423846244812,975.7126050804093,342.6586485745613,0.07156959176063538,949.3192616959063,436.7399945175438
0.04399794340133667,943.1710297880117,59.86510873538009,0.06142374873161316,936.6464501096491,59.25529970760232,0.043360382318496704,941.724974872076,56.24545984100877,0.04935997724533081,925.3057611476607,64.94563230994152,0.02628597617149353,943.3304207785087,58.89325772112568,0.07711303234100342,942.8500205592105,92.26676717836256,0.06189879775047302,958.2459566885965,92.82843338815792,0.056084513664245605,942.0998378106725,131.77397432383043,0.040139973163604736,932.6495111476607,144.81194033260226,0.030058830976486206,985.5929047880117,161.32309941520464,0.032619625329971313,950.4679504751462,89.76459703947364,0.06818756461143494,978.7079678362572,174.1602704678362,0.0731256902217865,937.7244380482456,177.93437043128654,0.06276485323905945,959.6560900950292,258.51859466374265,0.05958428978919983,951.5762061403508,261.6506761695906,0.1800476610660553,960.7766812865497,258.64600466008767,0.14918500185012817,956.8475877192982,267.719298245614
0.03216245770454407,950.4906227156432,60.652183845029185,0.04497590661048889,946.0026041666666,62.93905336257308,0.04010742902755737,946.0336143092105,59.09876416301165,0.03113234043121338,948.3825612207602,65.10422377558479,0.0262700617313385,940.665832876462,61.17335983187132,0.06717833876609802,943.5252192982456,87.72272478070175,0.06237494945526123,955.9141995614035,88.81436175073094,0.03836819529533386,950.7041529605262,106.93879066154966,0.04402664303779602,957.5327234100877,104.22600283260226,0.029589056968688965,949.8173656798245,99.42902503654966,0.03654786944389343,958.6602247807017,96.376953125,0.04335927963256836,948.7289268092105,166.42481039839174,0.05871099233627319,939.0285201937133,166.90007081505848,0.027810662984848022,956.5271495796783,209.35701069078948,0.02996426820755005,951.5168128654971,211.6527891995613,0.05438801646232605,960.3863989400584,270.9666255482456,0.047489821910858154,960.3319170321637,282.6720120614035
0.034855663776397705,950.9368146929824,71.3429162097953,0.047775089740753174,947.5956003289473,73.49403782894734,0.04712629318237305,950.680509868421,71.92953901681284,0.02741435170173645,949.0819741410818,73.54555007309938,0.02488189935684204,954.3983004385965,73.49546555190057,0.042268335819244385,937.429870248538,116.32395604897658,0.05487626791000366,983.8814647295321,111.51698419225147,0.037339866161346436,980.1597907529239,151.66061312134502,0.04747796058654785,978.2858187134502,155.50941154970758,0.03824096918106079,981.5988212719298,168.58695403874265,0.028463423252105713,923.6883794773391,166.20545504385962,0.04910615086555481,942.1717379385965,187.8206094663742,0.07261854410171509,935.3594435307017,186.5450817799707,0.03801831603050232,955.3018206323098,255.76508817616957,0.048808932304382324,953.739377741228,228.73989172149118,0.08715164661407471,962.4650493421052,279.0924250730993,0.07881361246109009,956.8318827668128,277.85618832236844
0.05978435277938843,903.4475511695906,60.11490314327483,0.07024222612380981,906.4165296052631,61.89121893274853,0.08412015438079834,902.4095965826023,59.463061951754355,0.04647919535636902,916.1863235562865,66.87465734649118,0.0316716730594635,900.6389345760233,65.04597267909355,0.05625990033149719,942.9309438961988,124.11121390716369,0.06622877717018127,974.4602065058479,121.36644508406425,0.07149028778076172,978.4621710526316,157.3516310307017,0.058632612228393555,970.7469846491227,160.60061449195905,0.07007235288619995,980.6641767178362,171.97111430921052,0.037205129861831665,927.6488829495613,177.90467379385962,0.08467748761177063,956.6955637792397,208.0998720760233,0.08748126029968262,950.3602430555555,207.41873400950294,0.0979028046131134,965.0057108918128,257.61467470760226,0.09854817390441895,959.5834475511696,258.9810055738303,0.17157021164894104,965.2050210160818,290.632538377193,0.16077953577041626,969.2995020102338,315.4830272295321
0.046296536922454834,944.0031638340643,62.16985334429825,0.05214047431945801,945.8658854166666,62.74539702119881,0.048064857721328735,947.7211257309941,58.91738623903507,0.03926271200180054,937.7961097404971,63.23430646929825,0.03678593039512634,942.4000022843567,61.33297925804089,0.09558483958244324,941.9534676535087,87.47687088815786,0.08686625957489014,958.5462353801169,89.15490222953213,0.056918323040008545,948.5824424342105,104.81753700657896,0.0670851469039917,959.6139437134502,101.96717379385962,0.04395788908004761,949.5278234649122,96.67283442982455,0.05746617913246155,960.2118740862572,93.40706094663744,0.05191582441329956,974.3690606725146,156.7287440606725,0.06311258673667908,939.2781432748537,168.21745933845023,0.034371405839920044,983.2782803362572,187.67309713084796,0.03713566064834595,953.9318347953216,211.4511376096491,0.09361502528190613,961.2342379385965,271.517212627924,0.07088899612426758,962.6240405701753,281.20225694444446
0.07126066088676453,935.8581186038011,60.95937271564327,0.10051143169403076,928.2441863121345,58.59714798062862,0.07038187980651855,899.1312591374268,57.57349917763156,0.0821833610534668,933.9402298062865,61.447996619152036,0.0394493043422699,935.9827302631578,58.567708333333314,0.09978091716766357,941.3457716557017,91.94107501827483,0.08256125450134277,956.5286915204678,92.15386284722217,0.08996182680130005,942.8780610380117,133.908020376462,0.053805023431777954,974.7247350146198,147.5194741410818,0.040766358375549316,981.242918494152,162.28829724049706,0.036998212337493896,947.3318713450292,93.39004248903507,0.09565919637680054,978.793973866959,173.34030062134502,0.09679433703422546,935.0425461440058,178.2932999817251,0.0745653510093689,959.9749862938596,250.1875456871345,0.07459607720375061,951.6830569261696,253.03402549342104,0.2641823887825012,960.0429459064327,259.03994197733914,0.1951284110546112,955.3684096308479,267.28595577485373
0.04397553205490112,944.1913948282163,62.86698190789468,0.056837886571884155,938.133452119883,64.0012221308479,0.054400473833084106,901.3645604897661,64.54518457602336,0.04070290923118591,940.775938870614,66.06034128289468,0.02703765034675598,937.2542603252923,62.44226288377189,0.07248750329017639,941.8218315972222,90.06498994883037,0.07120296359062195,957.4266150402046,89.29339135599412,0.03936752676963806,950.24505436769,109.38636467470758,0.04758945107460022,961.961120248538,107.11417214912274,0.030937939882278442,948.2656021564327,101.05537280701753,0.03834491968154907,959.74700749269,97.80296281067251,0.04080772399902344,974.8645376461988,158.84434393274853,0.05475914478302002,936.8438185307017,171.99675621345023,0.028504908084869385,984.1070449561403,188.98032026681278,0.027002602815628052,942.5651041666666,211.2382926717836,0.05346134305000305,959.2960754751462,268.6836394371345,0.040977150201797485,955.1990245796783,270.17149808114027
0.020510435104370117,930.3197528326023,63.17828262061403,0.03061765432357788,928.4080317982456,58.33376165021929,0.02161085605621338,926.6337719298245,54.665855720029185,0.027024149894714355,939.4278828581871,62.60079724049706,0.013615131378173828,928.4510919225146,63.38210434941516,0.03624445199966431,944.0516493055555,87.01925712719293,0.02618137001991272,948.7341237207602,85.28331734283626,0.021206825971603394,951.8829381396198,124.93729440789468,0.015181034803390503,946.383177997076,89.85528600146193,0.01291915774345398,944.2413080226607,80.09011787280701,0.015834689140319824,947.243009868421,396.44068667763156,0.019404679536819458,951.2727864583333,177.915924250731,0.02331450581550598,935.5408214546783,184.32188870614027,0.024003207683563232,968.7571957236842,329.33091191520464,0.035575687885284424,955.3545892726607,331.1157940423976,0.07496780157089233,971.8393640350877,336.0589135599415,0.08087089657783508,961.9528965643275,335.7304801717836
0.021304070949554443,949.2678636695906,61.20711120248535,0.022169888019561768,952.176420869883,58.31443028143275,0.02396818995475769,949.2774579678362,55.25062248720758,0.018294036388397217,952.8452805190058,55.45315926535085,0.013923227787017822,947.3593978435672,56.56275699013156,0.04573851823806763,955.7294522112572,68.91750045687132,0.03925183415412903,937.0159448099415,369.98338130482455,0.04165878891944885,955.6988418311403,80.43437043128654,0.03492811322212219,952.7372304459063,80.62534265350877,0.024813681840896606,962.8504203216373,84.21720805921052,0.03318643569946289,966.152800621345,82.91689510233914,0.03875279426574707,957.0813345211988,328.95227978801165,0.028614670038223267,951.5953376279239,96.7579267178362,0.03810122609138489,961.163879751462,333.97563733552624,0.04503539204597473,952.7403714364035,335.1157026681286,0.09602087736129761,963.1175758406432,322.41759183114027,0.06567215919494629,960.6803956505847,322.2580295138888
0.04605093598365784,948.1994129203216,103.79865679824559,0.05966377258300781,948.3691977339181,102.3556286549707,0.051347434520721436,965.1640168128655,84.73398665935667,0.03547924757003784,942.5689875730993,110.736419499269,0.033315569162368774,935.5501873172514,111.52132447002919,0.11336469650268555,945.8430418494152,135.91734055190057,0.09167203307151794,945.8572619700292,138.26097633406425,0.0770803689956665,955.1856610928362,175.4335709064327,0.08052679896354675,963.5329861111111,167.8867987024853,0.0932028591632843,968.3854166666666,173.8478846856725,0.06511685252189636,965.9502923976607,181.38557657163744,0.08295929431915283,953.754454495614,220.46338176169593,0.06668299436569214,945.6549250730993,201.9924730445906,0.059937626123428345,961.3216145833333,292.9729189510233,0.05797839164733887,951.1880368238303,259.96242233187127,0.06690430641174316,956.3061380665204,313.0612093384502,0.06635722517967224,414.63558799342104,621.8626644736842
0.009040474891662598,931.4205272295321,83.09267635233914,0.013247519731521606,-30.688133908991226,-34.17380528143275,0.009462028741836548,931.3082510964912,81.20408442982455,0.008906334638595581,941.1597108004386,93.15292626096493,0.007875412702560425,940.0535110562865,97.35545732821629,0.01868659257888794,949.0952805190058,126.47632264254378,0.019062936305999756,931.3363486842105,155.76537372076018,0.01830253005027771,-11.335414418003015,60.23563139619881,0.014560163021087646,964.6349597953216,213.74171920687127,0.016416579484939575,972.1904696637426,223.27017086988303,0.0137864351272583,1336.0496619152045,68.36205911915204,0.030875742435455322,954.8482616045321,236.73514025950294,0.022193580865859985,945.8621162280701,239.36020879020464,0.01930058002471924,972.2637975146198,245.51312362938597,0.0171852707862854,963.0072414108187,402.2387838084795,0.03539952635765076,965.1511101973683,336.0084292763157,0.034670621156692505,413.14692982456137,617.0946408991229
0.09806442260742188,951.6692936769006,64.2626667580409,0.10704955458641052,945.1268960160818,62.631179184941516,0.09796908497810364,953.9623309576023,60.53345440423976,0.10120618343353271,945.5758863304093,64.75900036549706,0.08019194006919861,956.5457099780701,62.646884137426866,0.20611244440078735,943.6095691703216,91.73793859649118,0.17454877495765686,960.2526498538011,94.17117827119876,0.2066158652305603,946.5073898940058,133.01803499634502,0.13329100608825684,963.8314373172514,132.8126713267544,0.08678227663040161,946.3052814327485,132.49263294956143,0.09170699119567871,954.975157620614,132.19412463450294,0.2305985391139984,977.4141081871345,168.45554641812862,0.2231994867324829,949.5418722587718,174.39715826023394,0.18280765414237976,952.4681332236842,265.0215871710526,0.15675565600395203,957.4724163925438,234.40909402412274,0.3962145149707794,962.5868055555555,272.50679596125724,0.2920861840248108,956.7719755116958,270.41906524122805
0.05765661597251892,941.3712422331871,63.05481313961985,0.06679973006248474,947.8352293494152,64.08254523026312,0.06205737590789795,949.2936769005847,60.54973044590639,0.0471150279045105,937.4972587719298,65.462981999269,0.041127175092697144,939.9748720760233,62.10280747441516,0.11675336956977844,943.3341899671052,88.92766584429819,0.10598671436309814,955.6660613121345,89.4921875,0.06534317135810852,951.5597016630117,108.31871345029242,0.0796041190624237,959.1655244883041,105.31889619883043,0.05267438292503357,952.4182200292397,101.06982136330407,0.06593784689903259,961.5891127558479,97.92437637061403,0.06247320771217346,976.4971673976607,154.97150264985373,0.07549619674682617,939.9636787280701,168.82161458333326,0.04107734560966492,985.0856633771929,185.9317891081871,0.04027262330055237,959.8858963815788,230.03620705409355,0.0952908992767334,962.0288514254386,267.4977156432748,0.06514817476272583,955.921966374269,268.52253517909355
0.04881921410560608,904.7599712171052,62.375730994152036,0.07225954532623291,930.6687454312865,63.424821820175396,0.055382877588272095,902.4247875548245,58.58035795869881,0.0659325122833252,937.278074744152,67.23330135233914,0.027698367834091187,939.0818599232456,61.473181652046776,0.08430683612823486,939.2224620796783,93.76524808114027,0.07578298449516296,958.956848501462,93.46873857821629,0.06449398398399353,942.4600237573098,135.63333790204672,0.0557100772857666,974.3748857821637,144.1955066703216,0.04091864824295044,978.7530838815788,156.05919910453213,0.033678144216537476,950.4906227156432,89.76539656432743,0.08458936214447021,972.4642498172514,176.58448693347952,0.09343969821929932,952.3596262792397,182.2579152960526,0.04558172821998596,958.2110060307017,260.03278051900577,0.04597693681716919,956.3312659904971,239.22434667397658,0.14997735619544983,956.5460526315788,275.199310124269,0.11404642462730408,958.1028988486842,319.0253792032163
0.022863030433654785,930.075041118421,63.681012426900566,0.03909680247306824,928.148528874269,61.58345897295317,0.02847149968147278,907.0242256030701,58.41231496710526,0.035873085260391235,938.893400493421,66.31213450292393,0.015812218189239502,929.100705866228,62.27464820906431,0.040226906538009644,941.442228618421,92.78554459064321,0.03354308009147644,948.8824926900584,90.16738623903507,0.028035879135131836,950.4186654788011,132.82774808114027,0.01800033450126648,985.7548656798245,124.04599552266075,0.01249760389328003,940.3487641630117,88.36205911915204,0.013969510793685913,946.668608369883,393.11991730628654,0.025385230779647827,971.2907757675438,176.07724552266075,0.033668726682662964,937.6328353435672,185.75754979897658,0.02173522114753723,969.8027457967836,325.3123857821637,0.03597426414489746,957.3298725328947,326.861693622076,0.07966837286949158,971.9582648026316,333.9233826754386,0.08903336524963379,963.2308799342105,333.71744791666663
0.0988253653049469,958.679870248538,67.83294499269005,0.11547660827636719,952.6686426352338,66.81206597222217,0.12787821888923645,957.6236408077485,65.22432383040933,0.0684778094291687,950.7726265533626,68.00655610380113,0.0907960832118988,944.6630573830408,64.88875182748535,0.20022404193878174,947.2779034173976,94.12212171052624,0.18728458881378174,956.5255505299707,97.01251827485373,0.14869335293769836,954.1128700657894,133.3691977339181,0.14384406805038452,970.8634868421052,135.1209566885965,0.10221099853515625,974.9572825292397,142.55762289839174,0.11701443791389465,956.3163605628655,153.5469206871345,0.20120632648468018,951.6915661549707,181.6036755299707,0.21091791987419128,949.1048748172514,174.02897706505848,0.1539250612258911,960.0094800804093,215.822082876462,0.17247721552848816,958.746916118421,216.85027183845023,0.3308589458465576,966.3964272660818,270.05933616593563,0.2858201861381531,958.1862207602338,268.1798245614035
0.028731465339660645,944.4528394554093,100.72928088450294,0.03523683547973633,948.2189441703216,99.873046875,0.03248968720436096,946.8303408260233,99.37951160453213,0.0230846107006073,947.7776064510233,106.98419225146199,0.023500770330429077,944.593841374269,106.35559438961991,0.06798392534255981,954.2013317799707,132.56716008771923,0.047694265842437744,941.9044682017543,147.2461508589181,0.07280406355857849,981.3613623903508,174.86796418128654,0.03517141938209534,968.4999771564327,178.2968407346491,0.06250590085983276,990.094572368421,198.36874086257308,0.044754862785339355,964.7747624269006,208.07680007309943,0.10261768102645874,970.7273391812865,221.45656295687127,0.11154869198799133,957.6641310307017,221.85501187865498,0.05149894952774048,966.3088221856725,262.80821683114027,0.05404198169708252,966.4247532894736,271.28061038011697,0.17000603675842285,969.4263980263157,327.4256441885965,0.128816157579422,971.2027138157894,322.7836028874268
0.024015843868255615,934.4365063048245,64.07746253654966,0.04198816418647766,930.0020559210526,65.91819718567251,0.03047427535057068,929.6966945358187,62.29634959795317,0.034791409969329834,937.9454495614035,71.2617644371345,0.019114315509796143,935.1260393823098,65.98678499634502,0.037499427795410156,941.5373149671052,93.66804870248541,0.039111167192459106,977.3898940058479,104.36072277046776,0.027167081832885742,950.0900607638888,133.51236979166663,0.02544441819190979,988.8567936769006,125.17064144736844,0.016854405403137207,1328.7693028143274,35.7705706323099,0.018036991357803345,954.3196043494152,89.59618283991227,0.03219801187515259,950.8628015350877,179.07152320906425,0.03506261110305786,940.2179847404971,186.81400767543857,0.022774159908294678,966.9099506578947,325.30598958333326,0.03637394309043884,955.1634457236842,327.0631167763157,0.08566814661026001,972.5264985380117,333.419739126462,0.08492109179496765,963.5610836988303,333.45434713084796
0.037985384464263916,929.7299319261696,67.70941840277777,0.04596957564353943,933.1464158442982,66.85392680921052,0.036273688077926636,926.9932725694443,58.73560855263156,0.03444579243659973,944.1752901133041,72.67389665570175,0.022094309329986572,933.0237458881578,65.77245522660814,0.061052411794662476,944.8680783991227,95.89398300438597,0.05473843216896057,948.0587536549707,94.11024305555554,0.03230559825897217,950.2071340460526,134.62011147660814,0.03278765082359314,931.6949926900585,152.60816429093563,0.022282302379608154,969.6988075657894,160.86365816885962,0.022408634424209595,954.0662120796783,91.05068987573094,0.03939202427864075,945.1701274671052,198.57153463084796,0.06281909346580505,936.91497624269,184.66665524488303,0.028962522745132446,955.2004523026316,237.76469983552624,0.03730195760726929,953.9938550804093,241.13738121345023,0.07089459896087646,974.0540478801169,331.8931606359648,0.054655104875564575,964.9211896929824,330.7657734831871
0.016755610704421997,934.7191954495613,59.081917032163744,0.02942606806755066,930.3729783442982,60.93418768274853,0.022051990032196045,929.5229120979532,56.95438139619881,0.027505964040756226,941.2569672880117,65.29422514619881,0.011953383684158325,931.4191566154971,64.72530610380113,0.02743774652481079,944.7135416666666,90.23403234649118,0.024299800395965576,975.6684027777777,101.33138020833326,0.020967483520507812,950.4586417214912,126.84964364035079,0.013722598552703857,948.0391652960526,90.05436769005843,0.00997614860534668,946.4541643823098,80.08280793128654,0.013071030378341675,945.9502923976607,396.38026544225147,0.017541587352752686,953.0714889437133,181.78162691885962,0.021143823862075806,936.373412372076,187.34454952485373,0.019455760717391968,969.320860745614,328.83937545687127,0.031176716089248657,956.2828376279239,330.7229417945906,0.06357619166374207,971.6697505482456,333.78780610380113,0.06618213653564453,962.2902960526316,333.6463473135965
0.049893975257873535,942.1762495431286,62.937054550438575,0.05796554684638977,947.1997784173976,64.33679413377189,0.055670589208602905,949.283568622076,60.689418859649095,0.042968928813934326,948.5702782346491,65.30838815789468,0.03597259521484375,941.2072825292397,62.224392361111086,0.10117033123970032,942.7049639071637,88.69877330043857,0.09372147917747498,956.7069284539473,89.56511558845028,0.05614301562309265,951.6971628289473,108.30095257675441,0.06632700562477112,960.336028874269,105.84544042397658,0.04436105489730835,952.0477544773391,101.09946089181278,0.05473962426185608,961.9072094298245,97.86578262061403,0.05201578140258789,947.6580774853801,166.8670618603801,0.07054415345191956,938.9914565058479,169.0507355628655,0.033472925424575806,956.0975762975146,209.14216694078948,0.038127779960632324,944.5185718201753,207.9296875,0.07462465763092041,960.578399122807,267.8416826571637,0.049059540033340454,955.766173245614,268.8064236111111
0.0637502372264862,937.8670390168128,61.24640213815786,0.08312958478927612,931.0129979897661,60.43357090643275,0.0641232430934906,936.6536458333333,57.7705534996345,0.061420053243637085,922.1418699744152,67.72015487938592,0.033448606729507446,942.8105582967836,60.07955272295317,0.09481382369995117,942.9425941154971,91.05708607456137,0.08099174499511719,958.1380208333333,91.35388112207602,0.0834028422832489,943.8926009685672,131.2385211074561,0.047174036502838135,964.2110974049707,128.81898757309943,0.037131816148757935,944.9943462171052,98.57393320540928,0.04554286599159241,954.4082373903508,95.0330660635965,0.07593166828155518,979.1804870248537,165.55212902046776,0.09572392702102661,930.2425415752923,173.61807839912274,0.055518895387649536,949.3480445906432,225.72728207236844,0.06395414471626282,950.4061015168128,227.7638432017543,0.2048063576221466,960.8588039108187,257.5738989400585,0.196340411901474,953.8615908260233,267.087616502193
0.036533504724502563,962.0014391447368,104.86522295321629,0.033620744943618774,942.4073693347952,86.99144508406431,0.05257037281990051,958.9552494517543,249.11829541301165,0.025805264711380005,951.6169819078947,250.34842150950294,0.031702905893325806,954.3723729897661,251.26085069444446,0.04564774036407471,947.8842288011696,135.53796600877195,0.05303904414176941,959.0617004751462,252.65893411915204,0.06987100839614868,970.3757766812865,237.09429824561403,0.07226133346557617,965.9844435307017,242.14638157894728,0.06875547766685486,970.9763340643274,247.09852430555554,0.04326832294464111,945.5237458881578,385.89341191520464,0.07400467991828918,957.4435763888888,383.6953467653508,0.045183390378952026,949.6202256944443,342.98376964546776,0.05470338463783264,977.9770879020467,249.63044819078948,0.04956531524658203,973.8580500730993,251.59750776681278,0.07984787225723267,974.4173748172514,251.6464501096491,0.08968120813369751,403.8529673793859,610.3805738304093
0.0766420066356659,943.1772546600877,58.85882104349412,0.09367337822914124,936.6066451937133,57.04487047697364,0.07612380385398865,942.594115497076,55.06236293859649,0.07420781254768372,939.4794522112572,59.51880025584791,0.050697535276412964,942.8966214364035,57.247293037280656,0.13516387343406677,942.9828559027777,90.19548382675436,0.11781224608421326,959.2333698830408,91.97408397295317,0.11325064301490784,942.4541415387426,132.54266036184208,0.07266739010810852,964.6327896564327,131.93724872076018,0.05464532971382141,982.8151270102338,155.77576754385962,0.060646623373031616,952.4553979349415,95.38537097953213,0.1199650764465332,978.1043265716373,170.17743740862568,0.1224086582660675,948.3357890168128,176.6487344663742,0.131236732006073,952.0177722953216,258.80231176900577,0.10452044010162354,947.3316429093567,262.12188185307014,0.3071961998939514,960.3436814692982,270.55544133771923,0.2355983853340149,953.3379020467836,268.8455432200292
0.027217775583267212,930.3528188961988,64.86242461622805,0.041142940521240234,927.8072459795321,60.87890625,0.03291672468185425,904.4786526864035,59.04017041301165,0.0328371524810791,936.8441611842105,66.05754294590639,0.017302781343460083,930.7436152229532,63.388614766081844,0.046294718980789185,944.7989766081871,89.0742644371345,0.03705012798309326,952.7453399122807,88.4247647112573,0.023272812366485596,951.1400082236842,99.83124314692975,0.023911744356155396,954.5779079861111,98.31917032163744,0.01608145236968994,946.4515944809941,89.6827599597953,0.0203227698802948,952.3627672697368,86.09060900950288,0.022087961435317993,949.5933273940058,171.21921829312862,0.029617875814437866,937.7668128654971,178.57381898757308,0.013417869806289673,966.5929961622807,335.0240999634502,0.0241813063621521,956.1076274671052,408.1781112938596,0.044555068016052246,962.3390670687133,334.15587308114027,0.044611454010009766,964.2961896929824,333.9233826754386
0.07375267148017883,950.779022752193,68.83783351608184,0.09595903754234314,945.0085663377192,68.13151041666663,0.08087131381034851,948.3728527046783,65.88027686403507,0.07600069046020508,947.2149122807017,70.45955546418128,0.04694181680679321,946.7655222039473,67.58366456505843,0.11773067712783813,952.9547012061403,371.6584429824561,0.10523954033851624,957.6209566885965,94.73986887792398,0.1070636510848999,953.2988966557017,132.85613121345023,0.07665807008743286,989.7952074195906,121.22567160087715,0.051291435956954956,951.4308639437133,132.12582236842104,0.054577410221099854,957.8270056652046,132.5861773574561,0.094077467918396,964.6653417397661,172.28452805190057,0.11247318983078003,943.3803910818713,177.81803956505848,0.08328500390052795,962.0808205409356,263.8553088450292,0.07526710629463196,954.5098912646198,240.8088336074561,0.15623876452445984,961.4083059210526,277.57298519736844,0.12895485758781433,967.4785270467836,337.1567754020467
0.015457063913345337,953.437956871345,340.24545413011697,0.012937873601913452,947.576811494883,88.40197825292393,0.02010321617126465,951.2159630847952,329.9083401864035,0.008571922779083252,948.0334544042397,102.67509594298247,0.01013079285621643,940.1547651681286,329.1899671052631,0.026039958000183105,949.2686631944443,357.16676946271923,0.029912710189819336,938.3075772112572,360.9452097039473,0.017222851514816284,965.5657209429824,212.5061677631578,0.024412959814071655,948.9827759502923,221.867461622807,0.01783907413482666,969.5520376461988,227.93659767909355,0.019899845123291016,956.1502878289473,351.9573510599415,0.03937631845474243,959.0064190423976,360.31558388157896,0.0270613431930542,956.5969937865497,405.08897569444434,0.022326290607452393,949.8125685307017,419.97915524488303,0.03606909513473511,962.5921737938596,419.54958196271923,0.04257243871688843,959.2513020833333,340.5336828399122,0.03256449103355408,414.3184621710526,617.0877878289473
0.0277937650680542,927.8886261878655,68.3573761878655,0.03362095355987549,933.9744951571637,61.027617872807014,0.0487038791179657,949.919647752193,372.3979463633041,0.020204812288284302,943.4809598866958,70.95548930921052,0.024212658405303955,949.8678499634502,365.8048359831871,0.04419165849685669,951.9962993421052,379.53125,0.04952380061149597,929.5033808479532,122.94185169956143,0.044617533683776855,977.6778371710526,152.3515168128655,0.04121175408363342,928.3802768640351,159.76922286184208,0.034022748470306396,984.0699241593567,178.9065926535087,0.03911516070365906,946.3509114583333,411.808411001462,0.05898025631904602,973.94622624269,183.5978047331871,0.05472517013549805,937.8016493055555,193.68238304093563,0.05418127775192261,962.6523665935672,266.827942251462,0.07283493876457214,965.2054778874268,424.5488966557017,0.14944657683372498,971.5138432017543,335.08286504020464,0.11028391122817993,971.0624543128655,332.51844618055554
0.02517297863960266,973.9638157894736,82.85190515350877,0.025681883096694946,943.7154491045321,83.9854029605263,0.023693323135375977,969.7273620248537,81.53240360014615,0.016605019569396973,945.4419088084795,93.82429870248541,0.01825222373008728,944.7152549342105,91.92759731359644,0.043106019496917725,947.7347176535087,117.93288559941516,0.03969216346740723,969.3891630116958,113.2793082967836,0.03477370738983154,956.580260873538,142.41879111842104,0.03319665789604187,966.7053865131578,151.8359375,0.034464895725250244,981.4957967836257,160.24933753654966,0.026468902826309204,952.8201525950292,184.37557108918122,0.050820618867874146,955.6692023026316,194.78058753654966,0.04306533932685852,948.4577736659356,196.76340917397658,0.04024985432624817,960.8910133406432,228.51294088084796,0.046114563941955566,955.1897158260233,233.41933936403507,0.058201760053634644,962.731291118421,284.0405130665205,0.08722689747810364,405.3446808753655,593.1009000365497
0.03809380531311035,936.7839683845028,68.83263660453213,0.056184977293014526,941.932737116228,69.18636924342104,0.04660794138908386,941.2155062134502,65.59513203581866,0.03782770037651062,946.977567616959,73.81453307748535,0.025668740272521973,938.340300621345,66.61172788742687,0.06932628154754639,945.4262609649122,95.65766630116957,0.0661662220954895,952.6754957054093,94.60155107821629,0.039750635623931885,949.6442685489766,132.5860631396198,0.044359296560287476,986.3732410453216,123.02974232456143,0.02761092782020569,974.6468384502923,155.74704175804095,0.03223809599876404,961.1168220029239,94.59224232456143,0.06230500340461731,947.1942959612572,199.92815698099412,0.06152114272117615,936.7646084612572,182.863098501462,0.039527177810668945,954.1993329678362,245.9958653143275,0.04232156276702881,954.6096605445906,241.1448624817251,0.0850311815738678,959.2447916666666,332.93288559941516,0.05483141541481018,954.3342242324561,334.06364217836256
0.04204753041267395,936.587799250731,63.48844115497076,0.051558881998062134,942.39349186769,64.11366959064327,0.05054450035095215,905.7513249269006,67.02822322733914,0.035781264305114746,946.7361111111111,66.8565538194444,0.02743890881538391,936.0235060307017,62.802905701754355,0.07399299740791321,942.5464295504386,90.32597770467834,0.07291290163993835,955.328490497076,89.86973455774853,0.03872641921043396,950.0070815058479,109.92164656432749,0.04849129915237427,960.707579495614,107.211028874269,0.031369298696517944,948.9079632675438,100.62214455409355,0.04271507263183594,959.4004705774853,97.47664245248541,0.038492947816848755,976.5340597587718,155.7775379203216,0.0549447238445282,937.1463815789473,171.47255345394728,0.02324196696281433,984.2642086988303,185.89798062865498,0.027427494525909424,941.0443507858187,208.73777869152048,0.04740586876869202,960.8446408991227,271.2931172331871,0.03596287965774536,962.3530016447368,324.90565606725147
0.027590513229370117,929.0819741410818,65.8233963815789,0.04608917236328125,924.9976014254386,61.92045869883037,0.03341209888458252,923.144988121345,57.57298519736838,0.03508198261260986,934.648894371345,66.7979600694444,0.01814231276512146,926.9421029788011,64.5606039839181,0.04779648780822754,942.7355742872807,88.34721080043857,0.03447321057319641,948.0304276315788,87.32159173976606,0.026242613792419434,949.4248560855262,123.01854897660814,0.021349161863327026,948.3754226059941,94.03885690789468,0.017545312643051147,945.0094800804093,85.19919590643275,0.018102943897247314,947.547057748538,81.72817297149118,0.0235615074634552,946.2515990497076,172.9533305921052,0.035247623920440674,934.6793334247076,180.56480720029242,0.017457395792007446,965.7900447733917,323.94879614400577,0.024160027503967285,953.5945495248537,326.0353275767543,0.07356101274490356,968.5823282163742,328.9043082967836,0.07350501418113708,959.3422194809941,328.24744152046776
0.048204243183135986,964.6034356725146,102.85436083698823,0.044910699129104614,958.0725169042397,103.16885964912274,0.060378849506378174,957.6474552266081,101.94010416666663,0.031662166118621826,948.1175187317251,103.5685078581871,0.03577414155006409,943.0445335343567,103.75753837719299,0.09891378879547119,955.2420275950292,127.29994745979525,0.06586205959320068,947.3693919042397,128.879180372807,0.11452233791351318,976.3633040935672,169.06684027777771,0.09186848998069763,963.4446957236842,176.87814099049706,0.09936752915382385,984.066954495614,189.93735151681278,0.05563652515411377,977.0913285818713,197.54066154970758,0.11729663610458374,966.0891812865497,222.28846856725147,0.10847467184066772,955.4440218384502,223.5255048428362,0.08810156583786011,956.4125890899122,278.534699378655,0.07820144295692444,959.7756761695906,275.8102613304093,0.20506396889686584,963.8475420321637,320.33671418128654,0.12885704636573792,958.5768457602338,321.8735722770467
0.11958420276641846,930.3282620614035,94.46397569444446,0.09513750672340393,934.9662486293859,85.31261421783626,0.10019132494926453,929.250274122807,84.45757949561403,0.048247724771499634,953.1930167214912,77.49651635599412,0.06408089399337769,932.4933182565788,91.86249314692981,0.19030547142028809,956.8614080774853,121.47586577119876,0.19472241401672363,931.3786663925438,127.86321271929819,0.22259613871574402,972.3631670321637,158.3964386878655,0.15288522839546204,927.7170138888888,163.94953855994152,0.19395986199378967,977.6758954678362,173.71008086622805,0.0921800434589386,941.1331551535087,180.48531158625724,0.2534978687763214,957.5734991776316,198.10112847222217,0.22646379470825195,941.3049387792397,200.74687043128654,0.23339280486106873,965.6480720029239,264.1037326388888,0.19718104600906372,955.5592676352338,251.5725511695906,0.25247931480407715,962.3231907894736,303.58718247441516,0.19357341527938843,955.7662874634502,328.47993192616957
0.11447998881340027,954.524168494152,68.36799844663739,0.13106518983840942,948.2907871893275,67.03770330774853,0.13037386536598206,953.512541118421,64.99782986111109,0.09524685144424438,948.8938573647661,68.39603892543857,0.07366079092025757,949.7135987755847,66.4035658808479,0.18466168642044067,947.9646952668128,94.15838587353801,0.165911465883255,954.774533991228,95.97376416301165,0.2042751908302307,955.7790227521929,134.0017361111111,0.13523229956626892,970.7956414473683,132.82180875365498,0.11093172430992126,970.2846308479532,142.05420778508767,0.1144050657749176,958.0215186403508,134.2206917032163,0.19277822971343994,967.1137152777777,166.42281158625724,0.18727517127990723,947.2988623903508,174.89349186769005,0.1721995770931244,957.3679641812865,239.06004431652048,0.1679372489452362,957.6180441337718,240.92282300804095,0.2852233946323395,961.8433616593567,277.1095463267543,0.1933375895023346,955.0856633771929,278.8209863852338
0.10406133532524109,957.1399853801169,67.89753517909355,0.12365826964378357,951.2318964729532,66.69533534356725,0.13031232357025146,955.2362024853801,65.27383726242687,0.07477542757987976,950.6003860562865,67.89782072368416,0.08442538976669312,943.5954632675438,64.98024031432743,0.18935427069664001,948.1962148209063,93.83383589181278,0.17258676886558533,955.8516081871345,96.57312225877195,0.14433878660202026,956.8555258589181,133.52841739766075,0.13806745409965515,972.578581871345,137.4727590460526,0.10109210014343262,975.708036366959,143.36177357456143,0.08607330918312073,958.4468658625731,131.21550621345023,0.19533956050872803,952.8266059027777,185.13397752192975,0.16689276695251465,949.1951640168128,176.0350420321637,0.12440398335456848,958.9134457236842,232.70953262061403,0.11603787541389465,956.4044225146198,234.92632949561403,0.24759593605995178,962.3707054093567,271.9607204861111,0.18557867407798767,957.0791643823098,273.77033077485373
0.03337812423706055,969.9347816154971,102.66881396198823,0.039447933435440063,943.924467744883,98.79231770833326,0.029815256595611572,968.0429915935672,100.74589957967828,0.0246429443359375,942.5834361293859,107.88445723684208,0.014914333820343018,966.7793996710526,108.67010462353801,0.04515597224235535,947.2729349415204,124.83695403874265,0.038211166858673096,951.7710617690058,126.26947414108179,0.05027461051940918,981.6470211988303,149.89406295687127,0.03510540723800659,986.6448510599415,130.8244243421052,0.050073206424713135,982.5884046052631,156.09243649488303,0.03371265530586243,976.6239491959063,161.0588564510233,0.0544622540473938,968.6393229166666,222.98879523026312,0.03841525316238403,964.4675164473683,169.47162828947364,0.041876763105392456,968.8778097587718,232.55653782894728,0.037410080432891846,962.3519736842105,410.402161001462,0.06096881628036499,968.4766767178362,246.87231588084796,0.0848136842250824,403.0083835891813,607.8399122807018
0.018470168113708496,901.5974506578947,45.546875,0.03232106566429138,-26.532419662029422,-31.0350991410819,0.023512274026870728,901.7576982821637,44.17326274671052,0.017817795276641846,910.9385850694443,52.025738989400566,0.013335376977920532,900.9594298245613,50.132778234649095,0.020450562238693237,943.0226037097952,133.4356725146198,0.02165931463241577,970.0925164473683,128.87466876827477,0.024341344833374023,-8.107709382709704,57.90281775402042,0.01937401294708252,883.2840483369882,89.2140670687134,0.020308345556259155,975.0748126827485,195.45955546418122,0.02345338463783264,-6.457066229212353,89.93381076388886,0.024266809225082397,962.6914290935672,220.93247441520464,0.0242728590965271,954.8673930921052,222.94790524488303,0.019827336072921753,960.5805692616958,255.01896016081866,0.022025257349014282,950.6513272112572,253.36839820906425,0.05779370665550232,963.7259000365497,325.7057520102338,0.07138687372207642,406.4042226334064,592.8667534722222
0.030133187770843506,906.4566200657895,65.36412646198829,0.045542508363723755,930.8300210160818,63.47393548976606,0.04010102152824402,904.6468384502923,61.59008360745611,0.03535786271095276,938.228881122076,68.63898026315786,0.019485265016555786,905.419065241228,69.33782209429825,0.04279845952987671,943.509856999269,91.87779833698829,0.03879249095916748,954.4929870248537,90.63539382309938,0.02195677161216736,947.8965072185672,125.69787097953213,0.025832802057266235,940.6526407163742,350.3689807200292,0.014925122261047363,989.6131441885964,109.95071500365498,0.020726561546325684,955.9024922331871,89.56751416301165,0.024603575468063354,946.9405610380117,201.38060809576018,0.029802948236465454,938.9035658808479,182.39931697733914,0.017120301723480225,958.9011101973683,234.7460366410818,0.032532691955566406,959.2700338084795,408.33133452119876,0.05293220281600952,961.2742141812865,332.86406935307014,0.04132080078125,963.6514300073098,335.92693485014615
0.03309372067451477,981.7572414108187,100.04363121345023,0.03673246502876282,944.3453033625731,91.15280062134502,0.031077265739440918,975.5843384502923,84.58053499634502,0.039047807455062866,949.6314761513157,99.59880985014615,0.02939125895500183,958.8740405701753,102.79610974049706,0.08043691515922546,939.8147386695906,127.78577302631572,0.09142449498176575,981.4441703216373,126.30162646198823,0.04948416352272034,942.1109740497076,153.0236316703216,0.05576774477958679,983.1572094298245,156.15125868055554,0.04742950201034546,984.0085891812865,166.16759183114027,0.037070661783218384,984.7592288011696,173.0021016081871,0.06757205724716187,955.6596080043859,198.77095897295317,0.06482726335525513,954.1013340643275,201.53965643274853,0.03370678424835205,967.2791027046783,233.0469892178362,0.046410560607910156,962.2053179824561,242.23078855994152,0.07233411073684692,408.8502832602339,615.3483644005848,0.12923327088356018,403.5354417945906,596.281524122807
0.04950079321861267,942.8878837719298,364.2055007309941,0.04181024432182312,949.2606679459063,355.82368192616957,0.0627562403678894,943.7562819809941,354.67487892909355,0.028186768293380737,954.1029902229532,354.40349735014615,0.035610735416412354,936.2673611111111,349.52216968201753,0.11379453539848328,950.9256213450292,368.2593772843567,0.09657886624336243,934.3662623355262,368.28644691154966,0.07451722025871277,955.8823327850877,393.088164747807,0.10494440793991089,949.1303453947368,355.46606588084796,0.08658298850059509,948.0252878289473,406.5708950109648,0.09477606415748596,938.9095623172514,407.32918722587715,0.11525341868400574,952.5576800073098,403.9180715460526,0.08239617943763733,963.0183205409356,410.7934713084795,0.11971676349639893,953.8552517361111,428.3637152777777,0.13348200917243958,962.7275219298245,431.08729669225147,0.14511895179748535,954.9472313596491,458.0289427997076,0.12968257069587708,952.5537966008771,477.82951845760226
0.03570210933685303,949.0181834795321,63.18153782894734,0.04275527596473694,950.2937682748537,62.96126873172511,0.040660202503204346,951.6765465095028,60.23723044590639,0.03442046046257019,938.9383452119882,64.64255528143275,0.03701299428939819,945.4919933296783,61.85438368055554,0.08091825246810913,942.605194627193,88.14647295321635,0.0827798843383789,958.9823190789473,89.6845303362573,0.04810446500778198,951.0048885233917,110.0371207967836,0.05798840522766113,963.6400082236842,106.66106999269005,0.03939494490623474,952.4326114766081,102.14175575657896,0.05329903960227966,964.6977796052631,99.57510964912274,0.062282055616378784,948.7550255847952,165.62083104897658,0.0745917558670044,942.3191931652046,168.28170687134502,0.04213285446166992,979.8625959429824,189.42936769005848,0.04525461792945862,951.4932268823098,210.66469069809943,0.10144171118736267,960.45013249269,266.19043539839174,0.0742959976196289,961.3100785818713,273.32351059941516
0.04290392994880676,916.1173359831871,93.96901270102342,0.037755101919174194,921.1425210160818,92.35111705043857,0.042306989431381226,919.1194947002923,90.35590277777777,0.056588590145111084,935.3876553362572,100.00822368421052,0.034217894077301025,949.8322711074561,104.95562637061403,0.11122384667396545,940.9359009502923,131.185638249269,0.11430847644805908,975.0571089181286,127.43643777412274,0.08721113204956055,975.3185535453216,158.14921418128654,0.08196792006492615,977.1836165935672,161.80429915935667,0.08406072854995728,977.0225694444443,173.64052220394728,0.06019166111946106,962.6312362938596,186.92085846125724,0.11382511258125305,957.9596696820175,204.43022432383043,0.10056242346763611,956.2027709247076,203.92064144736844,0.08875870704650879,959.7245065789473,244.8986316703216,0.09012901782989502,961.9676306652046,236.41652960526312,0.16372159123420715,959.0491365131578,270.59867278874265,0.15133118629455566,970.3328307748537,271.57929002192975
0.07743200659751892,943.5782734831871,108.50237573099412,0.0934174656867981,944.7235357273391,106.79059301900577,0.0808630883693695,944.7749908625731,106.24291849415204,0.047474831342697144,950.3155838815788,108.72829861111109,0.04448533058166504,930.9318462171052,112.31525264985373,0.1523442566394806,949.236967744883,135.2716100146198,0.11981281638145447,940.8712536549707,137.255859375,0.1262919306755066,969.5733963815788,160.32317936769005,0.09077614545822144,963.582213998538,165.26013112207602,0.1442001461982727,970.0900036549707,168.26326069078948,0.07614636421203613,965.1428865131578,174.29984466374265,0.10994267463684082,956.1534859283626,230.25756122076018,0.08672183752059937,942.0741959064327,194.89503380847952,0.0669693648815155,957.6537943165204,244.42736887792398,0.07992017269134521,946.7463336074561,245.60866684941516,0.09049782156944275,955.9613715277777,309.6157711988303,0.07729053497314453,951.0300735562865,309.40897980628654
0.009619206190109253,897.3181652046783,51.33149442616957,0.013930082321166992,922.5867484466373,49.77464820906431,0.011525988578796387,922.4699607090643,48.45446134868416,0.008231818675994873,914.7298748172514,52.515048199926866,0.005373060703277588,891.8726585343567,61.348569992690045,0.009155064821243286,942.9998743603801,107.07128335160814,0.010945886373519897,980.063048245614,106.04389391447364,0.008889824151992798,990.4521884137426,116.39328627558473,0.006876200437545776,887.8458516081871,82.21222816154966,0.00777772068977356,987.9746893274853,119.34501781798247,0.006537914276123047,896.9692868238303,74.79532163742687,0.006837397813796997,1002.5929733187133,123.10632538377195,0.006944745779037476,949.6362733004386,140.5978161549707,0.007444828748703003,121.85998035453215,1501.6879111842104,0.010293126106262207,122.38075657894736,1503.1684027777776,0.018948286771774292,967.9949058845028,330.32512107090633,0.01581019163131714,955.9135142543859,329.96030930190057
0.03236320614814758,931.1231610928362,62.61473181652042,0.030447423458099365,913.9494814510233,58.11586257309938,0.030141383409500122,926.0144257127192,53.736236750730995,0.023103922605514526,944.064727247807,66.78591008771929,0.01999378204345703,926.3045390168128,60.71546052631578,0.06565076112747192,944.4279399671052,90.74332967836256,0.05661085247993469,937.2512335526316,90.15802037646193,0.03131377696990967,952.1074332967836,130.15921966374265,0.035622090101242065,932.6130185489766,148.9942548428362,0.02994498610496521,968.1273985745613,171.8185763888888,0.022151201963424683,945.0311243603801,88.22739629020464,0.0413377583026886,945.60638249269,202.53986202485373,0.06302395462989807,935.4011330409356,178.6465186403508,0.038704484701156616,962.2369563230993,324.56700018274853,0.04007244110107422,949.3160635964912,325.625,0.1213323175907135,958.0797697368421,331.1839249817251,0.08647173643112183,957.826263249269,322.6819490131578
0.004986673593521118,949.3240017361111,86.60670230263156,0.004589676856994629,947.4332396747076,84.26449424342104,0.004948288202285767,948.0058136878655,82.81284265350877,0.0046623945236206055,946.7877375730993,88.04156387061403,0.003482997417449951,944.2578696089181,85.90209247076018,0.00907328724861145,948.6562271564327,110.69233141447364,0.0064792633056640625,950.1766378837718,108.79408808479525,0.007587552070617676,959.4091511330408,140.3146130299707,0.005333364009857178,952.4255299707602,405.14591328581866,0.004420071840286255,960.5343110380117,142.85852978801165,0.004186153411865234,-22.527778134708516,103.36131670321629,0.006134539842605591,1448.7357227704676,515.7305372807017,0.006744354963302612,953.3907849049707,199.1464501096491,0.008278518915176392,121.08988087079678,1506.8178910818713,0.011419683694839478,121.82931286549707,1508.6236750730993,0.023700624704360962,409.0374291849415,609.9149077119882,0.024241745471954346,411.4856885051169,608.6981451023391
0.009347081184387207,942.9689784356725,80.29142680921052,0.008546322584152222,941.4251530519006,80.52054778874265,0.009960144758224487,938.9774648209063,78.03933662280701,0.006837517023086548,945.1929139254386,82.97982913011691,0.005663514137268066,938.0883931834795,92.05175210160814,0.013807296752929688,941.7222336440058,118.99922331871346,0.018070101737976074,975.5682337353801,117.50171326754378,0.011691182851791382,945.9345303362572,141.50310672514615,0.012480765581130981,930.3894257127192,158.01306652046776,0.011339038610458374,976.2727293494152,180.15539336622805,0.008259862661361694,986.207396747076,132.21348455774853,0.012937813997268677,960.9382995248537,202.58138020833326,0.016651511192321777,935.2986225328947,190.76685855263156,0.013307422399520874,966.0541164108187,233.312317251462,0.012131035327911377,953.1173474049707,238.15549616228066,0.027193397283554077,406.44902457967834,614.3233735380115,0.02746477723121643,407.78931377923976,613.2606907894735
0.018273890018463135,930.6248857821637,75.3661823830409,0.026525437831878662,930.4898231907894,64.96744791666663,0.022622138261795044,930.6819375913742,62.13456003289468,0.013461172580718994,917.6967973318713,67.15711805555554,0.010948359966278076,894.5595189144736,67.29949058845028,0.02093079686164856,940.7850762975146,115.48479760599412,0.038814276456832886,923.7343521564327,127.70033808479525,0.026003867387771606,980.6005573830408,159.0916255482456,0.029281318187713623,919.6503220942982,162.0977247807017,0.024961471557617188,983.0972450657894,182.43980720029242,0.014697045087814331,920.435912372076,176.51218704312862,0.021427303552627563,982.3581414473683,180.5977019371345,0.036294400691986084,932.8624131944443,191.44057245979525,0.018366485834121704,961.3087079678362,250.1856610928362,0.022569596767425537,953.2297948647661,250.6931880482456,0.0609954297542572,966.1235608552631,269.87224735014615,0.06395876407623291,956.8710594846491,269.8315286915205
0.05313810706138611,943.8991113852338,95.16967059576018,0.06607502698898315,946.2687888340643,96.36872944078948,0.05136764049530029,945.8490953947368,95.8984375,0.036499351263046265,951.4732387609648,97.21748218201753,0.026499509811401367,936.7025310672514,102.14706688596493,0.08866152167320251,946.9914450840643,124.37248720760226,0.07913541793823242,948.8662737573098,126.15548474049706,0.08029651641845703,978.3811906067251,146.69390762061403,0.06942936778068542,958.8173885233917,141.94216008771923,0.08209499716758728,980.3829724049707,155.08863304093563,0.05174931883811951,973.2284813596491,160.59833013523394,0.08102503418922424,970.4703490497076,167.71061769005848,0.0642913281917572,959.8581414473683,169.82473273026312,0.06552326679229736,963.1544682017543,233.60008908991222,0.063372403383255,952.3283305921052,245.3732638888888,0.08432325720787048,966.0670230263157,247.9294590643275,0.058793336153030396,957.1386147660818,265.3833721673976
0.0833093523979187,945.0181035270467,62.23204495614033,0.10391631722450256,937.868009868421,59.12760416666663,0.08286604285240173,944.1261764437133,57.448202211257296,0.08914148807525635,940.635222496345,61.99692754020464,0.06283468008041382,942.8224369517543,59.406980994152036,0.14698317646980286,941.3142475328947,92.91067023026312,0.13168931007385254,958.3990085891812,94.49527138157896,0.14967989921569824,943.4150561951753,136.09232227704672,0.09701862931251526,961.3662737573098,135.6859352156432,0.06729581952095032,978.9380025584795,159.3984717653508,0.0710170567035675,958.9807200292397,166.03098729897658,0.17255085706710815,949.3242301717836,177.3633383589181,0.18089789152145386,948.0893069261696,179.97127421418122,0.1766604781150818,956.0618261147661,255.21998355263156,0.14907461404800415,949.3458173428362,257.4984009502923,0.41860446333885193,963.1898757309941,269.7154262609648,0.33586567640304565,953.5987184758771,268.19233141447364
0.013004839420318604,949.0729509320175,379.4196591739766,0.010432928800582886,957.7350031980993,373.4979783442982,0.016455739736557007,951.7843681469298,373.42122395833326,0.006751328706741333,946.0369837353801,64.69692297149118,0.011420369148254395,942.8386558845028,365.7172309027777,0.029423654079437256,952.6511101973683,375.519348501462,0.025840431451797485,937.5902891995613,382.9215780336257,0.01952555775642395,948.8370911001462,66.07319078947364,0.021551072597503662,961.4663285818713,407.5806377923976,0.012210160493850708,965.422149122807,416.9293676900585,0.020321369171142578,894.2020170869882,44.84280770285085,0.016901671886444092,955.875822368421,350.75869197733914,0.018379300832748413,966.0031752558479,415.0373492324561,0.014086514711380005,952.0430715460526,135.382629751462,0.02858102321624756,961.0055738304093,429.0103024488303,0.024862200021743774,962.5339226973683,336.54610974049706,0.029097557067871094,955.7642886513157,335.4316863121345
0.022185593843460083,949.0724940606725,91.11356679459061,0.03313973546028137,951.7514734100877,88.34372715643269,0.023249000310897827,943.828125,85.46909265350877,0.01724216341972351,953.3671418128655,96.18289702119876,0.020522713661193848,941.5443964729532,92.98993740862568,0.04615059494972229,951.2772409539473,124.06010142543857,0.045925676822662354,937.6235836988303,136.0448076571637,0.060182154178619385,983.856565241228,166.97899533991222,0.04620707035064697,977.7236385233917,170.57200292397658,0.05122488737106323,986.7832830774853,184.81319672880113,0.03005850315093994,985.6620065789473,192.11308707967828,0.07146993279457092,959.5405016447368,217.27122167397658,0.06479248404502869,952.7018800255847,218.63903737207602,0.04163387417793274,961.4750091374268,278.7290981359648,0.04051259160041809,962.6097633406432,281.15748355263156,0.06143435835838318,965.6207739400584,326.4064784356725,0.05020990967750549,960.6159767909356,327.5806377923976
0.05597546696662903,943.3721673976607,347.6034813596491,0.04988393187522888,950.5608095760233,340.16470211988303,0.07581919431686401,944.5313642178362,338.52681834795317,0.029595255851745605,935.961942616959,335.1444284539473,0.032511621713638306,937.1192548428362,332.944764254386,0.12628227472305298,953.8337787828947,353.77501370614027,0.10367965698242188,935.0711577119882,352.65773483187127,0.08593156933784485,953.8298382675438,356.76101059941516,0.12983453273773193,949.1455934758771,351.18066977339174,0.07235828042030334,948.9483963815788,386.6792877375731,0.08686801791191101,939.6231953581871,386.8383360745613,0.13292977213859558,954.6241662097952,389.8108552631578,0.08641496300697327,942.9667511878655,392.65567891081866,0.15738967061042786,956.5691246345028,422.1410704495613,0.15442168712615967,965.5194627192982,424.3850511695906,0.16243138909339905,956.8997852704678,459.8786435489766,0.1518094539642334,949.7870408442982,476.97339866593563
0.007193654775619507,925.4588130482456,77.52409996345028,0.008661210536956787,931.4215551900585,77.77172423245611,0.007458001375198364,947.1976653874268,75.67274305555554,0.008219927549362183,943.7106519554093,87.71524351242687,0.00485384464263916,928.8875182748537,90.09651407163739,0.014232426881790161,940.7336211622807,119.66180098684208,0.014680624008178711,977.6513386330408,115.84989491959061,0.011351525783538818,948.1833082054093,132.96412417763156,0.008228778839111328,935.342253746345,157.61644508406425,0.009588807821273804,984.8269599780701,122.91358278508767,0.007613688707351685,989.7808159722222,123.90864857456143,0.014592349529266357,970.3281478435672,209.45272523757308,0.018251508474349976,958.3866730628655,209.58179139254378,0.013211697340011597,965.9946089181286,244.54963907163744,0.014948934316635132,962.9889665570175,244.7249634502923,0.02972865104675293,971.083127741228,323.1991844846491,0.029557615518569946,406.8921041209795,590.7579495614035
0.024172604084014893,943.7587376644736,105.07652595029242,0.03648102283477783,946.6048748172514,107.251861750731,0.026660382747650146,941.8938459429824,100.41506761695905,0.026956111192703247,944.8619106359648,109.98161092836256,0.018638432025909424,947.7685261330408,112.87531980994152,0.05297890305519104,945.7312796966373,135.97793311403507,0.031526654958724976,952.5367210343567,136.1311563413742,0.029561221599578857,973.984831871345,163.55514437134502,0.018460243940353394,957.3841831140351,148.07897021198823,0.02985590696334839,975.6962719298245,178.54429367690057,0.016792476177215576,977.6225557383041,183.98757309941516,0.026672065258026123,957.821408991228,222.8148985745613,0.020856350660324097,947.8473935489766,226.4862595942982,0.013721346855163574,978.5292169225146,197.31576663011697,0.02139398455619812,1401.4816337719296,486.449766995614,0.07806411385536194,408.45289085343563,611.6791164108186,0.1269887387752533,403.7640487938596,598.1229440789473
0.039352476596832275,939.4632903874268,64.14336622807014,0.05823451280593872,933.582670869883,65.69216008771929,0.052529722452163696,902.2728778326023,61.75764117324559,0.04009827971458435,937.2849278143275,69.71868146929825,0.025255531072616577,904.013215003655,69.35358415570175,0.055630385875701904,941.6279468201753,93.12717013888891,0.054061949253082275,954.8030313413742,92.02662417763156,0.03136935830116272,947.7375730994152,128.94257127192975,0.03335419297218323,958.1890762061403,106.01094206871346,0.022385358810424805,948.0630368238303,95.67919636330407,0.029989510774612427,957.1762495431286,91.78174113669587,0.035057634115219116,946.1984306469298,171.98607684576018,0.05097603797912598,938.9483392726607,178.36508589181278,0.02129259705543518,959.0105308845028,230.61289290935667,0.022364526987075806,956.0412097953216,236.2128220942982,0.06383216381072998,971.3430875365497,329.64375456871346,0.05808138847351074,963.1624634502923,329.0782620614035
0.02172112464904785,953.1771404422514,359.4977270650585,0.020299851894378662,954.0700383771929,353.59066611842104,0.036182284355163574,955.6951868603801,359.57739400584796,0.014070451259613037,946.6196089181286,101.82057520102342,0.01462620496749878,952.1802471673976,354.67082419590633,0.03833508491516113,958.4141995614035,352.568359375,0.03257936239242554,946.307280244883,351.3360060307017,0.025738626718521118,956.5889414290936,351.0257903874268,0.03854900598526001,959.8978892543859,397.92717470760226,0.027563661336898804,957.6075932017543,411.48357547514615,0.03445923328399658,962.7813185307017,411.52275219298247,0.05271261930465698,967.2666529605262,371.4438276681286,0.037886619567871094,957.629180372807,363.5157392178362,0.032070815563201904,961.731199744152,418.82349917763156,0.041132569313049316,959.8729897660818,421.9533534356725,0.10958206653594971,414.8979463633041,625.6375639619882,0.17281877994537354,419.2383383589181,623.2891310307016
0.03376922011375427,947.7081620065788,87.29543585526312,0.029505550861358643,944.0399419773391,81.07713130482455,0.03271675109863281,942.5123355263157,77.85904376827483,0.018301159143447876,944.1225785818713,86.4072779605263,0.02326911687850952,939.0858004385965,84.28893686038009,0.06672888994216919,948.0027869152046,113.54840551900577,0.05367115139961243,962.5597359283626,110.33642863669593,0.059682875871658325,971.2940880847952,149.61217333698823,0.0627472996711731,962.535064875731,156.3943142361111,0.06712070107460022,974.7833287646198,159.46203399122805,0.03801503777503967,968.9318347953216,167.9592128106725,0.092282235622406,952.5525973135965,200.88615908260226,0.07106056809425354,941.637541118421,202.79639528508767,0.05206191539764404,958.7543402777777,236.01853755482455,0.06459185481071472,949.5493535270467,238.61014025950294,0.09883549809455872,972.1034356725146,344.55986156798247,0.0817224383354187,404.89400584795317,588.4719937865497
0.011771798133850098,983.0315698099415,71.35193941885962,0.010579824447631836,949.2870522660818,75.79963907163739,0.01445111632347107,966.0430372807017,336.96591739766075,0.006298273801803589,951.4358324195906,74.08899853801165,0.007531166076660156,962.9347130847952,297.622955500731,0.013059645891189575,954.5508954678362,381.37792397660814,0.019587576389312744,986.5782620614035,102.87811814692975,0.013591170310974121,989.9932611476607,107.27070769371346,0.020419329404830933,958.4669682017543,393.4397843567251,0.012928098440170288,985.2340323464912,97.77360882675441,0.018338024616241455,961.6626690423976,404.5802494517543,0.01777675747871399,956.590940241228,404.83878152412274,0.01611742377281189,961.8000730994152,351.8810535453216,0.02134019136428833,393.00998263888886,505.9533191703216,0.01869112253189087,386.7955900493421,507.33267086988303,0.06611824035644531,413.5406958150585,629.584932383041,0.12200847268104553,419.51406021564327,626.9492415935672
0.008246093988418579,-40.341754043311404,-21.883480674342138,0.015723079442977905,-28.810671086896928,-35.29419659173976,0.008274853229522705,-30.896078187819807,-29.88181309393275,0.008235186338424683,-26.742705406501276,-36.45870454130119,0.005184739828109741,947.3513454861111,107.00189601608179,0.010869711637496948,953.5868398209063,133.09735928362568,0.00939476490020752,939.3567251461988,157.25928591008767,0.016336381435394287,-12.077434160556011,57.595000685307014,0.006038010120391846,-18.75222189384594,56.172760188230995,0.01937568187713623,-2.6908765201680143,94.81108369883043,0.02150478959083557,-4.301652071768777,94.84352156432749,0.011978596448898315,-11.905295388740406,98.79848547149118,0.01148068904876709,968.0210617690058,234.0136147660818,0.00843733549118042,967.8884548611111,257.189270376462,0.01037248969078064,122.8786892361111,1513.002101608187,0.03831467032432556,408.24612801535085,620.2130162646199,0.04460820555686951,408.2020684850146,619.4322231359649
0.03172183036804199,949.4817936769006,101.93130939327477,0.04381537437438965,950.8825612207602,100.71797331871346,0.03047281503677368,951.9679162097952,98.6055144371345,0.021185755729675293,956.5132721125731,107.5254134685672,0.015781641006469727,938.7349803545321,102.25260416666663,0.05134469270706177,948.9016812865497,130.5705180921052,0.03979897499084473,934.228972496345,131.50110791301165,0.0356697142124176,974.6387289839181,155.65589592470758,0.031131088733673096,952.1367301717836,393.8550804093567,0.03838929533958435,974.6560900950292,167.17265168128654,0.02548721432685852,956.5732364766081,401.10848410087715,0.03128579258918762,968.4369289108187,171.43069261695905,0.030999094247817993,960.9866136695906,411.4819764254386,0.020397424697875977,974.5049798976607,189.15084749634502,0.0353320837020874,1353.3985517178362,516.7318279422514,0.06554818153381348,410.579284311038,611.0332145467835,0.09202829003334045,402.22096582602336,595.2600740131578
0.01308104395866394,931.0871253654971,86.13241273757308,0.014785945415496826,939.8501461988303,62.34226516812862,0.012120693922042847,942.204804002193,59.64695266812862,0.011171072721481323,942.1089181286549,92.20777366593563,0.01039057970046997,940.3516767178362,97.62255573830407,0.019901126623153687,945.4375685307017,126.04075292397658,0.02073007822036743,972.6283808479532,123.60225922880113,0.018829762935638428,981.2056834795321,170.9769051535087,0.011988639831542969,923.5361842105262,170.28166118421052,0.015985071659088135,977.9662372076023,176.734283625731,0.012475788593292236,-11.32801524379797,95.77965095029242,0.030046701431274414,956.6643252010233,209.03405975877195,0.02852216362953186,946.9706003289473,210.8534927814327,0.01885858178138733,964.5527229532163,246.76872030336256,0.01947474479675293,957.4870933845028,246.6019051535087,0.040886759757995605,968.5537737573098,332.62010005482455,0.03225213289260864,960.5741730628655,330.1444284539473
0.039381593465805054,942.0793357090643,62.245751096491176,0.05729234218597412,936.574949744152,63.53384274488303,0.052442461252212524,904.3409630847952,64.20915570175436,0.0417061448097229,941.9246847587718,66.71595166301165,0.024515479803085327,907.0807063230993,69.91245202850877,0.06513643264770508,943.6273871527777,89.86322414108184,0.056367456912994385,954.9215323464912,88.8398894371345,0.03493061661720276,951.8315972222222,107.96709384137421,0.04047045111656189,957.9655519005847,105.61546281067251,0.024549216032028198,948.9751233552631,99.13948282163744,0.031644970178604126,957.3102841739766,95.84578307748541,0.03391319513320923,946.6683228252923,167.2307314510233,0.05595749616622925,937.4258155153508,170.40358872441516,0.024322420358657837,962.0654011330408,216.43628929093563,0.026608675718307495,944.3911047149122,210.1798930921052,0.053687334060668945,397.52938253837715,584.7783031798245,0.041588395833969116,963.22265625,321.0209932383041
0.01603609323501587,943.1060969480993,87.54677220394734,0.015849173069000244,943.7874634502923,80.65155564692981,0.018044620752334595,938.214661001462,77.72044042397658,0.013117074966430664,943.5553156980993,85.66497624269005,0.014476478099822998,935.6242004751462,83.95353618421052,0.026301473379135132,948.8264117324561,117.38047103435667,0.02414187788963318,931.920744243421,134.42148665935667,0.022396475076675415,961.8271427266081,148.32750822368416,0.022193104028701782,975.5195769371345,164.25107364766075,0.018023908138275146,980.0097085160818,173.71544910453213,0.012787044048309326,979.8029742324561,180.28017635233914,0.029569000005722046,959.8751599049707,198.12088815789468,0.028666406869888306,948.8496550621345,199.76151315789468,0.027693569660186768,969.5074926900584,235.11792991593563,0.028555244207382202,970.1031387061403,238.32767955043857,0.057893216609954834,977.7327759502923,329.57111202485373,0.04826441407203674,968.4549753289473,326.78985060307014
0.006939530372619629,938.603515625,75.82944992690057,0.0072612464427948,926.9307383040936,71.52863441154966,0.007851928472518921,935.6534973501462,69.25535681652042,0.005726814270019531,945.0483141447368,78.07999817251459,0.005449086427688599,936.4460549159356,76.74187911184208,0.010836988687515259,954.0885416666666,360.9532049524853,0.011115014553070068,953.3096331323098,87.3388386330409,0.009877532720565796,955.6190606725146,139.35649671052624,0.009418964385986328,978.5159676535087,160.53105582967828,0.008316218852996826,982.9695495248537,123.68917900219299,0.007358968257904053,985.6504705774853,126.09363578216369,0.01126965880393982,954.8027457967836,200.97016630116957,0.013773500919342041,942.95989811769,200.8396153143275,0.011360764503479004,1268.2514391447369,525.2977087902046,0.018782585859298706,1360.8921555190059,531.3892315423976,0.023356139659881592,974.9947459795321,333.6918060124268,0.030524492263793945,960.8208835891812,331.61207054093563
0.02524140477180481,951.5249794407894,375.7070655153508,0.02444550395011902,953.1613212719298,56.772660818713405,0.03272762894630432,955.9305327119882,372.2636261878655,0.019615918397903442,956.2389779788011,62.05340826023388,0.02149862051010132,942.4376941703216,357.3576845760233,0.07421457767486572,948.5310444078947,372.2751621893275,0.0512811541557312,938.7785544590643,378.9454838267543,0.029975682497024536,953.65234375,99.84266493055554,0.03454703092575073,959.0140716374268,407.2429527595028,0.034440040588378906,975.3575018274853,168.33881578947364,0.030192196369171143,959.5253106725146,416.1665067616958,0.04499781131744385,970.1069078947368,174.42268594663744,0.03560394048690796,964.0835160818713,177.28681240862568,0.05057063698768616,964.3739720394736,334.2034448099415,0.05368182063102722,952.4909767909356,335.302734375,0.12610167264938354,963.0857090643275,329.5922994334795,0.09672802686691284,961.2722724780701,325.8834178545321
0.037179023027420044,953.4050621345028,65.32746253654966,0.04972344636917114,947.5312956871345,65.60324150219293,0.045346349477767944,951.1167077850877,63.32488121345028,0.03773036599159241,946.9620911001462,68.0419636330409,0.03907901048660278,944.4154902229532,63.249611659356674,0.08762726187705994,941.6668951023391,90.95840186403507,0.08780127763748169,961.0469206871345,92.66750045687127,0.05416622757911682,945.0711577119882,130.3708653143275,0.05354222655296326,990.1326069078947,119.39681560672511,0.03796622157096863,949.9330683479532,102.82169453581866,0.04532375931739807,964.8252467105262,99.83512655336256,0.07508322596549988,948.3322482638888,171.09375,0.07911744713783264,946.6035613121345,173.59529194078948,0.04850664734840393,956.7675210160818,268.49677905701753,0.0493980348110199,960.3508771929824,234.05404788011697,0.11320611834526062,958.7376644736842,270.7330500730993,0.08546140789985657,959.5607182017543,275.15122441520464
0.025118082761764526,949.6463244700292,382.78800027412274,0.021546155214309692,959.458036366959,377.12216739766075,0.03826892375946045,952.0039519371345,375.79792580409355,0.011960744857788086,947.1085754751462,66.28397980628654,0.0231170654296875,940.7940995065788,371.7271450109648,0.04591512680053711,953.2855331688596,383.1371070906432,0.04382514953613281,941.894988121345,388.96827028508767,0.020991981029510498,954.4504408808479,131.72703079312862,0.04293328523635864,961.8612938596491,407.9664656432748,0.02182444930076599,967.5214729532163,414.97401544225147,0.034946560859680176,962.4645924707602,414.74917763157885,0.02979913353919983,963.4375,198.9494243421052,0.030279338359832764,970.0597359283626,417.21028645833326,0.027191877365112305,965.3546463815788,336.8591808296783,0.05675426125526428,964.0646701388888,424.29002192982455,0.09195110201835632,964.0548474049707,337.43078399122805,0.09372782707214355,967.3098273026316,334.36260736476606
0.01710188388824463,968.1705729166666,88.24567114400583,0.015616059303283691,969.1560444078947,89.47088587353801,0.021374881267547607,970.7899305555555,257.8827439692982,0.0114593505859375,965.7569216008771,260.46566611842104,0.01211315393447876,964.6574607090643,260.3473364400585,0.01973670721054077,968.0555555555555,259.0940812317251,0.024959832429885864,981.1084841008771,107.87452028508767,0.022636443376541138,978.0811403508771,241.8552974232456,0.022220999002456665,952.4403782894736,380.16333150584796,0.021315068006515503,977.1647706505847,251.01682428728066,0.017606019973754883,993.5847267909356,99.68441611842104,0.027828067541122437,959.7547743055555,387.17082419590633,0.023043811321258545,956.2776407163742,346.34440104166663,0.017866581678390503,983.5261330409356,240.5937043128655,0.028094381093978882,963.2220851608187,408.75908031798247,0.06963911652565002,415.6006430464181,626.8183479532163,0.10415473580360413,420.546875,623.88580500731
0.00854542851448059,946.0665661549707,82.78674387792393,0.010485976934432983,937.3725328947368,82.26248400950288,0.01056697964668274,956.0222496345028,360.36629660087715,0.007078349590301514,949.9919476425438,84.81559530336256,0.007111310958862305,942.5564807200292,82.9902800621345,0.01806008815765381,950.9808456688596,346.31373355263156,0.016061604022979736,934.6795618603801,351.09483506944446,0.013975739479064941,980.4765168128655,166.3827782346491,0.018878251314163208,959.5353618421052,333.69437591374265,0.012474268674850464,966.7051580774853,332.73945769371346,0.020876765251159668,957.0178865131578,388.9264094480993,0.028119951486587524,957.142669499269,341.1715323464912,0.027285397052764893,963.7231588084795,385.1510530884502,0.028872638940811157,953.0654353983917,405.2364309210526,0.049557387828826904,965.5577256944443,411.66900813230984,0.037942737340927124,964.3314830043859,339.5527800621345,0.03525438904762268,941.7817411366958,434.9338107638888
0.04888799786567688,942.3661938048245,61.95198282163739,0.056586652994155884,947.2518046418128,63.64897432383037,0.05058717727661133,947.6041095577485,60.20970394736838,0.04236605763435364,950.1192434210526,64.7824721308479,0.03635779023170471,939.8021747076023,61.224929184941516,0.10450884699821472,943.3457830774853,88.33670275950288,0.0927375853061676,955.3946797331871,89.58853024488303,0.05889776349067688,949.6843590095028,106.48003472222217,0.06796932220458984,956.3529102704678,103.61054002192975,0.044253647327423096,950.1291232638888,98.59900402046776,0.05589655041694641,958.6406935307017,94.9454609831871,0.05357080698013306,950.180235745614,167.48195358187127,0.070463627576828,939.14153874269,167.09052905701753,0.036488115787506104,956.8446751644736,209.47785316154966,0.0374390184879303,952.6179299159356,211.48140533625724,0.08298307657241821,961.0884959795321,267.0820198282163,0.06204038858413696,965.4714912280701,276.08484100877195
